seed,threshold_min,scenario,fnr,C,J,joint_event_count,n_geo_realizations,n_repaired_cases
42,30.0,S0,0.21428571428571427,0.14238095238095239,0.02976190476190476,125,4200,5
42,30.0,S1,0.09523809523809523,0.14238095238095239,0.015714285714285715,66,4200,5
42,30.0,S2,0.21428571428571427,0.06833333333333333,0.013571428571428571,57,4200,5
42,30.0,S3,0.09523809523809523,0.06833333333333333,0.008095238095238095,34,4200,5
42,60.0,S0,0.21428571428571427,0.021904761904761906,0.004047619047619047,17,4200,5
42,60.0,S1,0.09523809523809523,0.021904761904761906,0.0019047619047619048,8,4200,5
42,60.0,S2,0.21428571428571427,0.006666666666666667,0.0016666666666666668,7,4200,5
42,60.0,S3,0.09523809523809523,0.006666666666666667,0.0007142857142857143,3,4200,5
43,30.0,S0,0.30952380952380953,0.14976190476190476,0.04595238095238095,193,4200,0
43,30.0,S1,0.30952380952380953,0.14976190476190476,0.04595238095238095,193,4200,0
43,30.0,S2,0.30952380952380953,0.06738095238095237,0.018571428571428572,78,4200,0
43,30.0,S3,0.30952380952380953,0.06738095238095237,0.018571428571428572,78,4200,0
43,60.0,S0,0.30952380952380953,0.020476190476190478,0.005952380952380952,25,4200,0
43,60.0,S1,0.30952380952380953,0.020476190476190478,0.005952380952380952,25,4200,0
43,60.0,S2,0.30952380952380953,0.006190476190476191,0.0016666666666666668,7,4200,0
43,60.0,S3,0.30952380952380953,0.006190476190476191,0.0016666666666666668,7,4200,0
44,30.0,S0,0.2857142857142857,0.1473809523809524,0.04238095238095238,178,4200,4
44,30.0,S1,0.19047619047619047,0.1473809523809524,0.025952380952380952,109,4200,4
44,30.0,S2,0.2857142857142857,0.07476190476190477,0.02214285714285714,93,4200,4
44,30.0,S3,0.19047619047619047,0.07476190476190477,0.012380952380952381,52,4200,4
44,60.0,S0,0.2857142857142857,0.024285714285714285,0.007380952380952381,31,4200,4
44,60.0,S1,0.19047619047619047,0.024285714285714285,0.0038095238095238095,16,4200,4
44,60.0,S2,0.2857142857142857,0.005952380952380952,0.002142857142857143,9,4200,4
44,60.0,S3,0.19047619047619047,0.005952380952380952,0.0011904761904761906,5,4200,4
45,30.0,S0,0.21428571428571427,0.1492857142857143,0.03238095238095238,136,4200,3
45,30.0,S1,0.14285714285714285,0.1492857142857143,0.02,84,4200,3
45,30.0,S2,0.21428571428571427,0.07071428571428572,0.015476190476190477,65,4200,3
45,30.0,S3,0.14285714285714285,0.07071428571428572,0.01,42,4200,3
45,60.0,S0,0.21428571428571427,0.021666666666666667,0.0054761904761904765,23,4200,3
45,60.0,S1,0.14285714285714285,0.021666666666666667,0.0035714285714285713,15,4200,3
45,60.0,S2,0.21428571428571427,0.005952380952380952,0.0019047619047619048,8,4200,3
45,60.0,S3,0.14285714285714285,0.005952380952380952,0.0014285714285714286,6,4200,3
46,30.0,S0,0.23809523809523808,0.15666666666666668,0.03666666666666667,154,4200,1
46,30.0,S1,0.21428571428571427,0.15666666666666668,0.03261904761904762,137,4200,1
46,30.0,S2,0.23809523809523808,0.0769047619047619,0.016428571428571428,69,4200,1
46,30.0,S3,0.21428571428571427,0.0769047619047619,0.013571428571428571,57,4200,1
46,60.0,S0,0.23809523809523808,0.030238095238095238,0.0064285714285714285,27,4200,1
46,60.0,S1,0.21428571428571427,0.030238095238095238,0.0054761904761904765,23,4200,1
46,60.0,S2,0.23809523809523808,0.011666666666666667,0.002619047619047619,11,4200,1
46,60.0,S3,0.21428571428571427,0.011666666666666667,0.002142857142857143,9,4200,1
47,30.0,S0,0.19047619047619047,0.1411904761904762,0.02761904761904762,116,4200,8
47,30.0,S1,0.0,0.1411904761904762,0.0,0,4200,8
47,30.0,S2,0.19047619047619047,0.07071428571428572,0.01380952380952381,58,4200,8
47,30.0,S3,0.0,0.07071428571428572,0.0,0,4200,8
47,60.0,S0,0.19047619047619047,0.022857142857142857,0.0054761904761904765,23,4200,8
47,60.0,S1,0.0,0.022857142857142857,0.0,0,4200,8
47,60.0,S2,0.19047619047619047,0.007142857142857143,0.0009523809523809524,4,4200,8
47,60.0,S3,0.0,0.007142857142857143,0.0,0,4200,8
48,30.0,S0,0.2857142857142857,0.14142857142857143,0.039285714285714285,165,4200,2
48,30.0,S1,0.23809523809523808,0.14142857142857143,0.03238095238095238,136,4200,2
48,30.0,S2,0.2857142857142857,0.07285714285714286,0.017619047619047618,74,4200,2
48,30.0,S3,0.23809523809523808,0.07285714285714286,0.015476190476190477,65,4200,2
48,60.0,S0,0.2857142857142857,0.02142857142857143,0.0038095238095238095,16,4200,2
48,60.0,S1,0.23809523809523808,0.02142857142857143,0.0033333333333333335,14,4200,2
48,60.0,S2,0.2857142857142857,0.0064285714285714285,0.0016666666666666668,7,4200,2
48,60.0,S3,0.23809523809523808,0.0064285714285714285,0.0016666666666666668,7,4200,2
49,30.0,S0,0.3333333333333333,0.14166666666666666,0.05023809523809524,211,4200,6
49,30.0,S1,0.19047619047619047,0.14166666666666666,0.025238095238095237,106,4200,6
49,30.0,S2,0.3333333333333333,0.06976190476190476,0.023333333333333334,98,4200,6
49,30.0,S3,0.19047619047619047,0.06976190476190476,0.011904761904761904,50,4200,6
49,60.0,S0,0.3333333333333333,0.02214285714285714,0.007857142857142858,33,4200,6
49,60.0,S1,0.19047619047619047,0.02214285714285714,0.004285714285714286,18,4200,6
49,60.0,S2,0.3333333333333333,0.005952380952380952,0.0016666666666666668,7,4200,6
49,60.0,S3,0.19047619047619047,0.005952380952380952,0.0007142857142857143,3,4200,6
50,30.0,S0,0.23809523809523808,0.14952380952380953,0.03785714285714286,159,4200,2
50,30.0,S1,0.19047619047619047,0.14952380952380953,0.030714285714285715,129,4200,2
50,30.0,S2,0.23809523809523808,0.07119047619047619,0.018571428571428572,78,4200,2
50,30.0,S3,0.19047619047619047,0.07119047619047619,0.015476190476190477,65,4200,2
50,60.0,S0,0.23809523809523808,0.019761904761904762,0.005,21,4200,2
50,60.0,S1,0.19047619047619047,0.019761904761904762,0.0035714285714285713,15,4200,2
50,60.0,S2,0.23809523809523808,0.006904761904761905,0.002142857142857143,9,4200,2
50,60.0,S3,0.19047619047619047,0.006904761904761905,0.0014285714285714286,6,4200,2
51,30.0,S0,0.11904761904761904,0.1419047619047619,0.015952380952380954,67,4200,5
51,30.0,S1,0.0,0.1419047619047619,0.0,0,4200,5
51,30.0,S2,0.11904761904761904,0.07142857142857142,0.007857142857142858,33,4200,5
51,30.0,S3,0.0,0.07142857142857142,0.0,0,4200,5
51,60.0,S0,0.11904761904761904,0.02095238095238095,0.0009523809523809524,4,4200,5
51,60.0,S1,0.0,0.02095238095238095,0.0,0,4200,5
51,60.0,S2,0.11904761904761904,0.005714285714285714,0.0009523809523809524,4,4200,5
51,60.0,S3,0.0,0.005714285714285714,0.0,0,4200,5
52,30.0,S0,0.2619047619047619,0.1411904761904762,0.03761904761904762,158,4200,0
52,30.0,S1,0.2619047619047619,0.1411904761904762,0.03761904761904762,158,4200,0
52,30.0,S2,0.2619047619047619,0.07166666666666667,0.017619047619047618,74,4200,0
52,30.0,S3,0.2619047619047619,0.07166666666666667,0.017619047619047618,74,4200,0
52,60.0,S0,0.2619047619047619,0.01904761904761905,0.005952380952380952,25,4200,0
52,60.0,S1,0.2619047619047619,0.01904761904761905,0.005952380952380952,25,4200,0
52,60.0,S2,0.2619047619047619,0.005,0.0011904761904761906,5,4200,0
52,60.0,S3,0.2619047619047619,0.005,0.0011904761904761906,5,4200,0
53,30.0,S0,0.21428571428571427,0.13904761904761906,0.030476190476190476,128,4200,3
53,30.0,S1,0.14285714285714285,0.13904761904761906,0.020476190476190478,86,4200,3
53,30.0,S2,0.21428571428571427,0.06547619047619048,0.015714285714285715,66,4200,3
53,30.0,S3,0.14285714285714285,0.06547619047619048,0.008571428571428572,36,4200,3
53,60.0,S0,0.21428571428571427,0.017619047619047618,0.004285714285714286,18,4200,3
53,60.0,S1,0.14285714285714285,0.017619047619047618,0.0019047619047619048,8,4200,3
53,60.0,S2,0.21428571428571427,0.0038095238095238095,0.0014285714285714286,6,4200,3
53,60.0,S3,0.14285714285714285,0.0038095238095238095,0.0002380952380952381,1,4200,3
54,30.0,S0,0.11904761904761904,0.15166666666666667,0.016904761904761905,71,4200,0
54,30.0,S1,0.11904761904761904,0.15166666666666667,0.016904761904761905,71,4200,0
54,30.0,S2,0.11904761904761904,0.07571428571428572,0.008095238095238095,34,4200,0
54,30.0,S3,0.11904761904761904,0.07571428571428572,0.008095238095238095,34,4200,0
54,60.0,S0,0.11904761904761904,0.021666666666666667,0.002619047619047619,11,4200,0
54,60.0,S1,0.11904761904761904,0.021666666666666667,0.002619047619047619,11,4200,0
54,60.0,S2,0.11904761904761904,0.007619047619047619,0.0016666666666666668,7,4200,0
54,60.0,S3,0.11904761904761904,0.007619047619047619,0.0016666666666666668,7,4200,0
55,30.0,S0,0.23809523809523808,0.1461904761904762,0.030476190476190476,128,4200,1
55,30.0,S1,0.21428571428571427,0.1461904761904762,0.027857142857142858,117,4200,1
55,30.0,S2,0.23809523809523808,0.07714285714285714,0.016428571428571428,69,4200,1
55,30.0,S3,0.21428571428571427,0.07714285714285714,0.015,63,4200,1
55,60.0,S0,0.23809523809523808,0.024285714285714285,0.004761904761904762,20,4200,1
55,60.0,S1,0.21428571428571427,0.024285714285714285,0.004523809523809524,19,4200,1
55,60.0,S2,0.23809523809523808,0.008809523809523809,0.002142857142857143,9,4200,1
55,60.0,S3,0.21428571428571427,0.008809523809523809,0.002142857142857143,9,4200,1
56,30.0,S0,0.14285714285714285,0.15142857142857144,0.019285714285714285,81,4200,1
56,30.0,S1,0.11904761904761904,0.15142857142857144,0.016666666666666666,70,4200,1
56,30.0,S2,0.14285714285714285,0.07714285714285714,0.009761904761904762,41,4200,1
56,30.0,S3,0.11904761904761904,0.07714285714285714,0.008571428571428572,36,4200,1
56,60.0,S0,0.14285714285714285,0.023809523809523808,0.002857142857142857,12,4200,1
56,60.0,S1,0.11904761904761904,0.023809523809523808,0.002619047619047619,11,4200,1
56,60.0,S2,0.14285714285714285,0.007142857142857143,0.0004761904761904762,2,4200,1
56,60.0,S3,0.11904761904761904,0.007142857142857143,0.0004761904761904762,2,4200,1
57,30.0,S0,0.23809523809523808,0.1461904761904762,0.03571428571428571,150,4200,4
57,30.0,S1,0.14285714285714285,0.1461904761904762,0.02214285714285714,93,4200,4
57,30.0,S2,0.23809523809523808,0.07714285714285714,0.019285714285714285,81,4200,4
57,30.0,S3,0.14285714285714285,0.07714285714285714,0.011904761904761904,50,4200,4
57,60.0,S0,0.23809523809523808,0.023095238095238096,0.005238095238095238,22,4200,4
57,60.0,S1,0.14285714285714285,0.023095238095238096,0.0035714285714285713,15,4200,4
57,60.0,S2,0.23809523809523808,0.005238095238095238,0.0009523809523809524,4,4200,4
57,60.0,S3,0.14285714285714285,0.005238095238095238,0.0009523809523809524,4,4200,4
58,30.0,S0,0.3333333333333333,0.14166666666666666,0.04666666666666667,196,4200,3
58,30.0,S1,0.2619047619047619,0.14166666666666666,0.0380952380952381,160,4200,3
58,30.0,S2,0.3333333333333333,0.06761904761904762,0.023095238095238096,97,4200,3
58,30.0,S3,0.2619047619047619,0.06761904761904762,0.019285714285714285,81,4200,3
58,60.0,S0,0.3333333333333333,0.021666666666666667,0.007857142857142858,33,4200,3
58,60.0,S1,0.2619047619047619,0.021666666666666667,0.006904761904761905,29,4200,3
58,60.0,S2,0.3333333333333333,0.005952380952380952,0.0019047619047619048,8,4200,3
58,60.0,S3,0.2619047619047619,0.005952380952380952,0.0011904761904761906,5,4200,3
59,30.0,S0,0.30952380952380953,0.1407142857142857,0.04452380952380952,187,4200,1
59,30.0,S1,0.2857142857142857,0.1407142857142857,0.03976190476190476,167,4200,1
59,30.0,S2,0.30952380952380953,0.06857142857142857,0.02261904761904762,95,4200,1
59,30.0,S3,0.2857142857142857,0.06857142857142857,0.020714285714285713,87,4200,1
59,60.0,S0,0.30952380952380953,0.019761904761904762,0.007142857142857143,30,4200,1
59,60.0,S1,0.2857142857142857,0.019761904761904762,0.006904761904761905,29,4200,1
59,60.0,S2,0.30952380952380953,0.007619047619047619,0.0033333333333333335,14,4200,1
59,60.0,S3,0.2857142857142857,0.007619047619047619,0.0030952380952380953,13,4200,1
60,30.0,S0,0.16666666666666666,0.1361904761904762,0.025238095238095237,106,4200,0
60,30.0,S1,0.16666666666666666,0.1361904761904762,0.025238095238095237,106,4200,0
60,30.0,S2,0.16666666666666666,0.06928571428571428,0.010952380952380953,46,4200,0
60,30.0,S3,0.16666666666666666,0.06928571428571428,0.010952380952380953,46,4200,0
60,60.0,S0,0.16666666666666666,0.020476190476190478,0.002857142857142857,12,4200,0
60,60.0,S1,0.16666666666666666,0.020476190476190478,0.002857142857142857,12,4200,0
60,60.0,S2,0.16666666666666666,0.006190476190476191,0.0007142857142857143,3,4200,0
60,60.0,S3,0.16666666666666666,0.006190476190476191,0.0007142857142857143,3,4200,0
61,30.0,S0,0.23809523809523808,0.14595238095238094,0.03428571428571429,144,4200,1
61,30.0,S1,0.21428571428571427,0.14595238095238094,0.02976190476190476,125,4200,1
61,30.0,S2,0.23809523809523808,0.07761904761904762,0.019523809523809523,82,4200,1
61,30.0,S3,0.21428571428571427,0.07761904761904762,0.017142857142857144,72,4200,1
61,60.0,S0,0.23809523809523808,0.025238095238095237,0.006190476190476191,26,4200,1
61,60.0,S1,0.21428571428571427,0.025238095238095237,0.005238095238095238,22,4200,1
61,60.0,S2,0.23809523809523808,0.008333333333333333,0.002142857142857143,9,4200,1
61,60.0,S3,0.21428571428571427,0.008333333333333333,0.0019047619047619048,8,4200,1
62,30.0,S0,0.16666666666666666,0.14285714285714285,0.02142857142857143,90,4200,0
62,30.0,S1,0.16666666666666666,0.14285714285714285,0.02142857142857143,90,4200,0
62,30.0,S2,0.16666666666666666,0.06523809523809523,0.009285714285714286,39,4200,0
62,30.0,S3,0.16666666666666666,0.06523809523809523,0.009285714285714286,39,4200,0
62,60.0,S0,0.16666666666666666,0.02261904761904762,0.0038095238095238095,16,4200,0
62,60.0,S1,0.16666666666666666,0.02261904761904762,0.0038095238095238095,16,4200,0
62,60.0,S2,0.16666666666666666,0.005952380952380952,0.0009523809523809524,4,4200,0
62,60.0,S3,0.16666666666666666,0.005952380952380952,0.0009523809523809524,4,4200,0
63,30.0,S0,0.16666666666666666,0.1538095238095238,0.02666666666666667,112,4200,0
63,30.0,S1,0.16666666666666666,0.1538095238095238,0.02666666666666667,112,4200,0
63,30.0,S2,0.16666666666666666,0.07904761904761905,0.013333333333333334,56,4200,0
63,30.0,S3,0.16666666666666666,0.07904761904761905,0.013333333333333334,56,4200,0
63,60.0,S0,0.16666666666666666,0.027142857142857142,0.004523809523809524,19,4200,0
63,60.0,S1,0.16666666666666666,0.027142857142857142,0.004523809523809524,19,4200,0
63,60.0,S2,0.16666666666666666,0.0064285714285714285,0.0014285714285714286,6,4200,0
63,60.0,S3,0.16666666666666666,0.0064285714285714285,0.0014285714285714286,6,4200,0
64,30.0,S0,0.23809523809523808,0.14095238095238094,0.035,147,4200,1
64,30.0,S1,0.21428571428571427,0.14095238095238094,0.030476190476190476,128,4200,1
64,30.0,S2,0.23809523809523808,0.06928571428571428,0.018095238095238095,76,4200,1
64,30.0,S3,0.21428571428571427,0.06928571428571428,0.015952380952380954,67,4200,1
64,60.0,S0,0.23809523809523808,0.021904761904761906,0.004285714285714286,18,4200,1
64,60.0,S1,0.21428571428571427,0.021904761904761906,0.004047619047619047,17,4200,1
64,60.0,S2,0.23809523809523808,0.007142857142857143,0.0016666666666666668,7,4200,1
64,60.0,S3,0.21428571428571427,0.007142857142857143,0.0016666666666666668,7,4200,1
65,30.0,S0,0.23809523809523808,0.14952380952380953,0.03880952380952381,163,4200,1
65,30.0,S1,0.21428571428571427,0.14952380952380953,0.03380952380952381,142,4200,1
65,30.0,S2,0.23809523809523808,0.07238095238095238,0.02,84,4200,1
65,30.0,S3,0.21428571428571427,0.07238095238095238,0.016666666666666666,70,4200,1
65,60.0,S0,0.23809523809523808,0.023095238095238096,0.005,21,4200,1
65,60.0,S1,0.21428571428571427,0.023095238095238096,0.004523809523809524,19,4200,1
65,60.0,S2,0.23809523809523808,0.007142857142857143,0.0014285714285714286,6,4200,1
65,60.0,S3,0.21428571428571427,0.007142857142857143,0.0014285714285714286,6,4200,1
66,30.0,S0,0.11904761904761904,0.14,0.01619047619047619,68,4200,2
66,30.0,S1,0.07142857142857142,0.14,0.009761904761904762,41,4200,2
66,30.0,S2,0.11904761904761904,0.06666666666666667,0.008809523809523809,37,4200,2
66,30.0,S3,0.07142857142857142,0.06666666666666667,0.004523809523809524,19,4200,2
66,60.0,S0,0.11904761904761904,0.017857142857142856,0.002619047619047619,11,4200,2
66,60.0,S1,0.07142857142857142,0.017857142857142856,0.0016666666666666668,7,4200,2
66,60.0,S2,0.11904761904761904,0.0054761904761904765,0.0014285714285714286,6,4200,2
66,60.0,S3,0.07142857142857142,0.0054761904761904765,0.0009523809523809524,4,4200,2
67,30.0,S0,0.23809523809523808,0.145,0.03404761904761905,143,4200,0
67,30.0,S1,0.23809523809523808,0.145,0.03404761904761905,143,4200,0
67,30.0,S2,0.23809523809523808,0.06714285714285714,0.016666666666666666,70,4200,0
67,30.0,S3,0.23809523809523808,0.06714285714285714,0.016666666666666666,70,4200,0
67,60.0,S0,0.23809523809523808,0.02,0.004761904761904762,20,4200,0
67,60.0,S1,0.23809523809523808,0.02,0.004761904761904762,20,4200,0
67,60.0,S2,0.23809523809523808,0.007857142857142858,0.0019047619047619048,8,4200,0
67,60.0,S3,0.23809523809523808,0.007857142857142858,0.0019047619047619048,8,4200,0
68,30.0,S0,0.2619047619047619,0.14761904761904762,0.03880952380952381,163,4200,2
68,30.0,S1,0.21428571428571427,0.14761904761904762,0.030952380952380953,130,4200,2
68,30.0,S2,0.2619047619047619,0.07261904761904762,0.017619047619047618,74,4200,2
68,30.0,S3,0.21428571428571427,0.07261904761904762,0.01380952380952381,58,4200,2
68,60.0,S0,0.2619047619047619,0.026904761904761904,0.005714285714285714,24,4200,2
68,60.0,S1,0.21428571428571427,0.026904761904761904,0.004285714285714286,18,4200,2
68,60.0,S2,0.2619047619047619,0.009523809523809525,0.0019047619047619048,8,4200,2
68,60.0,S3,0.21428571428571427,0.009523809523809525,0.0014285714285714286,6,4200,2
69,30.0,S0,0.2857142857142857,0.14904761904761904,0.04047619047619048,170,4200,1
69,30.0,S1,0.2619047619047619,0.14904761904761904,0.03761904761904762,158,4200,1
69,30.0,S2,0.2857142857142857,0.07666666666666666,0.02142857142857143,90,4200,1
69,30.0,S3,0.2619047619047619,0.07666666666666666,0.019285714285714285,81,4200,1
69,60.0,S0,0.2857142857142857,0.024285714285714285,0.0064285714285714285,27,4200,1
69,60.0,S1,0.2619047619047619,0.024285714285714285,0.0054761904761904765,23,4200,1
69,60.0,S2,0.2857142857142857,0.007619047619047619,0.002380952380952381,10,4200,1
69,60.0,S3,0.2619047619047619,0.007619047619047619,0.002380952380952381,10,4200,1
70,30.0,S0,0.14285714285714285,0.1488095238095238,0.02142857142857143,90,4200,3
70,30.0,S1,0.07142857142857142,0.1488095238095238,0.010476190476190476,44,4200,3
70,30.0,S2,0.14285714285714285,0.07428571428571429,0.010238095238095239,43,4200,3
70,30.0,S3,0.07142857142857142,0.07428571428571429,0.005238095238095238,22,4200,3
70,60.0,S0,0.14285714285714285,0.017380952380952382,0.0030952380952380953,13,4200,3
70,60.0,S1,0.07142857142857142,0.017380952380952382,0.0016666666666666668,7,4200,3
70,60.0,S2,0.14285714285714285,0.006904761904761905,0.0009523809523809524,4,4200,3
70,60.0,S3,0.07142857142857142,0.006904761904761905,0.0009523809523809524,4,4200,3
71,30.0,S0,0.21428571428571427,0.1492857142857143,0.02976190476190476,125,4200,0
71,30.0,S1,0.21428571428571427,0.1492857142857143,0.02976190476190476,125,4200,0
71,30.0,S2,0.21428571428571427,0.07595238095238095,0.017619047619047618,74,4200,0
71,30.0,S3,0.21428571428571427,0.07595238095238095,0.017619047619047618,74,4200,0
71,60.0,S0,0.21428571428571427,0.024523809523809524,0.004047619047619047,17,4200,0
71,60.0,S1,0.21428571428571427,0.024523809523809524,0.004047619047619047,17,4200,0
71,60.0,S2,0.21428571428571427,0.006666666666666667,0.0007142857142857143,3,4200,0
71,60.0,S3,0.21428571428571427,0.006666666666666667,0.0007142857142857143,3,4200,0
