seed,model_variant,threshold_min,delta_fnr_0_minus_1,delta_C_0_minus_1,delta_J_0_minus_1,delta_E_0_minus_1
42,none,30.0,-0.15,0.007374999999999993,-0.018062500000000002,0.0022937499999998
42,none,45.0,-0.15,0.013499999999999998,-0.0010000000000000009,0.0047749999999999
42,none,60.0,-0.15,-0.0024999999999999988,-0.004,-0.00037500000000009997
42,none,90.0,-0.15,-0.00043749999999999995,-0.0009375,-0.00037812499999999993
42,post_processing,30.0,-0.46875,0.007374999999999993,-0.06375,0.0021679687499999
42,post_processing,45.0,-0.46875,0.013499999999999998,-0.02,0.002265625
42,post_processing,60.0,-0.46875,-0.0024999999999999988,-0.010625,-7.81250000000018e-05
42,post_processing,90.0,-0.46875,-0.00043749999999999995,-0.00125,0.0003613281249999
42,reweighing,30.0,-0.34375,0.007374999999999993,-0.0478125,0.0005273437499999
42,reweighing,45.0,-0.34375,0.013499999999999998,-0.0146875,0.0016406249999999
42,reweighing,60.0,-0.34375,-0.0024999999999999988,-0.0071875,0.0005468749999999
42,reweighing,90.0,-0.34375,-0.00043749999999999995,-0.0009375,0.000244140625
43,none,30.0,0.03030303030303033,0.015858585858585905,0.006565656565656601,-0.0031558004285276
43,none,45.0,0.03030303030303033,0.013737373737373701,0.0051515151515151,-0.0007958371594735001
43,none,60.0,0.03030303030303033,0.0022222222222221984,0.0009090909090909002,-0.00043771043771040005
43,none,90.0,0.03030303030303033,-0.0016161616161616001,0.00020202020202020007,0.0006580961126415266
43,post_processing,30.0,0.03030303030303033,0.015858585858585905,0.006565656565656601,-0.0031558004285276
43,post_processing,45.0,0.03030303030303033,0.013737373737373701,0.0051515151515151,-0.0007958371594735001
43,post_processing,60.0,0.03030303030303033,0.0022222222222221984,0.0009090909090909002,-0.00043771043771040005
43,post_processing,90.0,0.03030303030303033,-0.0016161616161616001,0.00020202020202020007,0.0006580961126415266
43,reweighing,30.0,0.03030303030303033,0.015858585858585905,0.006565656565656601,-0.0031558004285276
43,reweighing,45.0,0.03030303030303033,0.013737373737373701,0.0051515151515151,-0.0007958371594735001
43,reweighing,60.0,0.03030303030303033,0.0022222222222221984,0.0009090909090909002,-0.00043771043771040005
43,reweighing,90.0,0.03030303030303033,-0.0016161616161616001,0.00020202020202020007,0.0006580961126415266
44,none,30.0,0.4125,0.0060624999999999984,0.0716875,0.0078507812499999
44,none,45.0,0.4125,0.013374999999999998,0.036625,0.0077171875
44,none,60.0,0.4125,0.004875000000000001,0.0191875,0.0067234374999999
44,none,90.0,0.4125,0.0011875000000000002,0.0026875000000000002,0.0008148437499999999
44,post_processing,30.0,-0.14375,0.0060624999999999984,-0.027625,-0.0078589843749999
44,post_processing,45.0,-0.14375,0.013374999999999998,-0.0041249999999999985,0.0004773437499999999
44,post_processing,60.0,-0.14375,0.004875000000000001,-0.0017500000000000007,0.0005992187499999001
44,post_processing,90.0,-0.14375,0.0011875000000000002,-0.00025,-8.320312500009999e-05
44,reweighing,30.0,0.28125,0.0060624999999999984,0.0444375,0.0003613281249999
44,reweighing,45.0,0.28125,0.013374999999999998,0.0270625,0.0061367187499999
44,reweighing,60.0,0.28125,0.004875000000000001,0.01625,0.0073085937499999
44,reweighing,90.0,0.28125,0.0011875000000000002,0.0026875000000000002,0.001302734375
45,none,30.0,-0.08571428571428572,-0.021428571428571408,-0.014857142857142801,0.0013061224489795214
45,none,45.0,-0.08571428571428572,0.0025714285714285995,-0.004285714285714301,-0.0003428571428571209
45,none,60.0,-0.08571428571428572,-0.0019999999999999983,-0.0031428571428572002,-0.0009714285714285
45,none,90.0,-0.08571428571428572,0.0005714285714285999,-0.0008571428571428,-0.0007428571428571
45,post_processing,30.0,-0.08571428571428572,-0.021428571428571408,-0.014857142857142801,0.0013061224489795214
45,post_processing,45.0,-0.08571428571428572,0.0025714285714285995,-0.004285714285714301,-0.0003428571428571209
45,post_processing,60.0,-0.08571428571428572,-0.0019999999999999983,-0.0031428571428572002,-0.0009714285714285
45,post_processing,90.0,-0.08571428571428572,0.0005714285714285999,-0.0008571428571428,-0.0007428571428571
45,reweighing,30.0,-0.2285714285714285,-0.021428571428571408,-0.0331428571428571,0.0017959183673469
45,reweighing,45.0,-0.2285714285714285,0.0025714285714285995,-0.0108571428571428,0.0006367346938775
45,reweighing,60.0,-0.2285714285714285,-0.0019999999999999983,-0.0057142857142857,-0.0006857142857142
45,reweighing,90.0,-0.2285714285714285,0.0005714285714285999,-0.0008571428571428,-0.000334693877551
46,none,30.0,0.12121212121212122,-0.0014141414141413955,0.0197979797979798,0.0012427303336393
46,none,45.0,0.12121212121212122,0.006161616161616201,0.013939393939394,0.005090296908478601
46,none,60.0,0.12121212121212122,-0.0031313131313132,0.0045454545454546,0.0018426691153963
46,none,90.0,0.12121212121212122,-0.00010101010101009906,0.0010101010101010001,8.87664524028e-05
46,post_processing,30.0,0.01010101010101011,-0.0014141414141413955,0.0009090909090909011,-0.0003622079379655
46,post_processing,45.0,0.01010101010101011,0.006161616161616201,0.0039393939393939995,0.0020038771553923
46,post_processing,60.0,0.01010101010101011,-0.0031313131313132,0.00010101010101009993,0.0004846444240384
46,post_processing,90.0,0.01010101010101011,-0.00010101010101009906,-0.00010101010101009993,-0.00015814712784410003
46,reweighing,30.0,0.09090909090909091,-0.0014141414141413955,0.014040404040404096,0.00024181205999389998
46,reweighing,45.0,0.09090909090909091,0.006161616161616201,0.011515151515151499,0.0043648607284970005
46,reweighing,60.0,0.09090909090909091,-0.0031313131313132,0.003939393939394,0.002173247627793
46,reweighing,90.0,0.09090909090909091,-0.00010101010101009906,0.0007070707070707001,2.4487297214600002e-05
47,none,30.0,-0.2162162162162162,-0.003621621621621579,-0.0313513513513513,-0.0007304601899196
47,none,45.0,-0.2162162162162162,-0.008864864864864798,-0.0132432432432432,-0.0013805697589481
47,none,60.0,-0.2162162162162162,-0.0077837837837837,-0.0062162162162162,-0.0010737764791818
47,none,90.0,-0.2162162162162162,0.0044864864864865,-0.0008108108108108,-5.113221329437539e-05
47,post_processing,30.0,-0.3513513513513513,-0.003621621621621579,-0.0491891891891891,0.0005697589481373
47,post_processing,45.0,-0.3513513513513513,-0.008864864864864798,-0.0216216216216216,-0.002344777209642
47,post_processing,60.0,-0.3513513513513513,-0.0077837837837837,-0.01,-0.0016435354273192
47,post_processing,90.0,-0.3513513513513513,0.0044864864864865,-0.0018918918918918,-0.0006574141709276
47,reweighing,30.0,-0.2162162162162162,-0.003621621621621579,-0.0313513513513513,-0.0007304601899196
47,reweighing,45.0,-0.2162162162162162,-0.008864864864864798,-0.0132432432432432,-0.0013805697589481
47,reweighing,60.0,-0.2162162162162162,-0.0077837837837837,-0.0062162162162162,-0.0010737764791818
47,reweighing,90.0,-0.2162162162162162,0.0044864864864865,-0.0008108108108108,-5.113221329437539e-05
48,none,30.0,-0.044117647058823484,-0.011029411764705788,-0.0114705882352941,-0.0023810553633219003
48,none,45.0,-0.044117647058823484,0.013014705882352998,0.0006617647058823999,-0.00046388408304500004
48,none,60.0,-0.044117647058823484,0.0121323529411765,0.0014705882352942,-0.0007190743944637001
48,none,90.0,-0.044117647058823484,0.0033088235294118002,-0.0008823529411764,-0.0015798010380622838
48,post_processing,30.0,-0.4117647058823529,-0.011029411764705788,-0.0588235294117647,0.0002768166089965
48,post_processing,45.0,-0.4117647058823529,0.013014705882352998,-0.0170588235294117,0.0028027681660899
48,post_processing,60.0,-0.4117647058823529,0.0121323529411765,-0.0061764705882352,0.0016955017301038
48,post_processing,90.0,-0.4117647058823529,0.0033088235294118002,-0.0011764705882352,3.4602076124567484e-05
48,reweighing,30.0,-0.3235294117647059,-0.011029411764705788,-0.0458823529411764,0.000553633217993
48,reweighing,45.0,-0.3235294117647059,0.013014705882352998,-0.0117647058823529,0.0038408304498269
48,reweighing,60.0,-0.3235294117647059,0.0121323529411765,-0.0041176470588235,0.0020674740484429
48,reweighing,90.0,-0.3235294117647059,0.0033088235294118002,-0.0008823529411764,6.920415224913497e-05
49,none,30.0,-0.175,0.005687499999999984,-0.027875,-0.0044578124999998
49,none,45.0,-0.175,0.003187499999999996,-0.0035000000000000014,0.0042296874999998
49,none,60.0,-0.175,0.002437500000000002,-0.0037500000000000007,-0.00046406250000010003
49,none,90.0,-0.175,-0.0026875,-0.0015625,-0.00020468750000010003
49,post_processing,30.0,-0.375,0.005687499999999984,-0.056875,-0.0042578124999999
49,post_processing,45.0,-0.375,0.003187499999999996,-0.0175,0.0004296874999999
49,post_processing,60.0,-0.375,0.002437500000000002,-0.00875,-0.0006640625
49,post_processing,90.0,-0.375,-0.0026875,-0.0015625,0.0001953124999999
49,reweighing,30.0,-0.24375,0.005687499999999984,-0.032375,0.0012574218749999999
49,reweighing,45.0,-0.24375,0.003187499999999996,-0.0099375,0.0013980468749999
49,reweighing,60.0,-0.24375,0.002437500000000002,-0.007750000000000001,-0.0027378906250000003
49,reweighing,90.0,-0.24375,-0.0026875,-0.0015625,-0.00015117187500000018
50,none,30.0,-0.04324324324324319,0.009621621621621612,0.00016216216216220075,0.0046542001460919994
50,none,45.0,-0.04324324324324319,0.0055675675675675995,-0.0009729729729728992,0.0001808619430241
50,none,60.0,-0.04324324324324319,0.0025405405405405992,-0.0011351351351351,-0.0008017531044558
50,none,90.0,-0.04324324324324319,-0.0007027027027026998,0.0,0.0002574141709276
50,post_processing,30.0,-0.07027027027027027,0.009621621621621612,-0.0033513513513512977,0.0051509130752374
50,post_processing,45.0,-0.07027027027027027,0.0055675675675675995,-0.0020540540540540005,0.000516873630387
50,post_processing,60.0,-0.07027027027027027,0.0025405405405405992,-0.0016756756756756003,-0.0008163623082541
50,post_processing,90.0,-0.07027027027027027,-0.0007027027027026998,0.0,0.00033046018991959993
50,reweighing,30.0,-0.04324324324324319,0.009621621621621612,0.00016216216216220075,0.0046542001460919994
50,reweighing,45.0,-0.04324324324324319,0.0055675675675675995,-0.0009729729729728992,0.0001808619430241
50,reweighing,60.0,-0.04324324324324319,0.0025405405405405992,-0.0011351351351351,-0.0008017531044558
50,reweighing,90.0,-0.04324324324324319,-0.0007027027027026998,0.0,0.0002574141709276
51,none,30.0,-0.1470588235294117,0.002279411764705891,-0.0197058823529411,0.001098615916955
51,none,45.0,-0.1470588235294117,-0.004191176470588198,-0.0070588235294117,0.0007266435986159
51,none,60.0,-0.1470588235294117,0.009632352941176502,-0.0011764705882352,0.0016349480968858
51,none,90.0,-0.1470588235294117,-0.0013970588235294,-0.0002941176470588,9.515570934256058e-05
51,post_processing,30.0,-0.1470588235294117,0.002279411764705891,-0.0197058823529411,0.001098615916955
51,post_processing,45.0,-0.1470588235294117,-0.004191176470588198,-0.0070588235294117,0.0007266435986159
51,post_processing,60.0,-0.1470588235294117,0.009632352941176502,-0.0011764705882352,0.0016349480968858
51,post_processing,90.0,-0.1470588235294117,-0.0013970588235294,-0.0002941176470588,9.515570934256058e-05
51,reweighing,30.0,-0.1764705882352941,0.002279411764705891,-0.0241176470588235,0.0008477508650519
51,reweighing,45.0,-0.1764705882352941,-0.004191176470588198,-0.0085294117647058,0.0008131487889273
51,reweighing,60.0,-0.1764705882352941,0.009632352941176502,-0.0017647058823529,0.0016089965397923
51,reweighing,90.0,-0.1764705882352941,-0.0013970588235294,-0.0005882352941176,-0.0001211072664359
52,none,30.0,0.02857142857142858,-0.011714285714285705,0.004571428571428601,0.003828571428571363
52,none,45.0,0.02857142857142858,-0.006571428571428603,-0.002285714285714299,-0.0018612244897958001
52,none,60.0,0.02857142857142858,-0.0022857142857143006,0.003142857142857101,0.0032408163265307
52,none,90.0,0.02857142857142858,-0.0025714285714285,-0.0008571428571428,-0.0001959183673469
52,post_processing,30.0,-0.057142857142857106,-0.011714285714285705,-0.006571428571428603,0.0049551020408162005
52,post_processing,45.0,-0.057142857142857106,-0.006571428571428603,-0.005428571428571399,-0.0006448979591837001
52,post_processing,60.0,-0.057142857142857106,-0.0022857142857143006,0.0011428571428571009,0.0029061224489796
52,post_processing,90.0,-0.057142857142857106,-0.0025714285714285,-0.0008571428571428,2.448979591836739e-05
52,reweighing,30.0,0.0,-0.011714285714285705,0.0011428571428571954,0.0044897959183672
52,reweighing,45.0,0.0,-0.006571428571428603,-0.0025714285714285995,-0.0006938775510204001
52,reweighing,60.0,0.0,-0.0022857142857143006,0.0028571428571428003,0.0035102040816327
52,reweighing,90.0,0.0,-0.0025714285714285,-0.0008571428571428,-0.0001224489795918
53,none,30.0,-0.0875331564986738,-0.009761273209549004,-0.014058355437665801,-0.00012087610550980002
53,none,45.0,-0.0875331564986738,-0.006047745358090197,-0.0123607427055703,-0.007264949447333
53,none,60.0,-0.0875331564986738,-0.002122015915119402,-0.0062068965517241,-0.0042806886701517
53,none,90.0,-0.0875331564986738,-0.0012201591511936001,-0.0017241379310344,-0.001294950361995
53,post_processing,30.0,-0.3978779840848807,-0.009761273209549004,-0.057851458885941696,0.0001763890550134
53,post_processing,45.0,-0.3978779840848807,-0.006047745358090197,-0.0247745358090186,-0.0049106093759893
53,post_processing,60.0,-0.3978779840848807,-0.002122015915119402,-0.01,-0.0024019728556452084
53,post_processing,90.0,-0.3978779840848807,-0.0012201591511936001,-0.0017241379310344,-0.0004388266996882
53,reweighing,30.0,-0.04509283819628648,-0.009761273209549004,-0.007957559681697604,0.0007013347029810998
53,reweighing,45.0,-0.04509283819628648,-0.006047745358090197,-0.009204244031830303,-0.0056628133596943
53,reweighing,60.0,-0.04509283819628648,-0.002122015915119402,-0.0046684350132626005,-0.0033546285416768
53,reweighing,90.0,-0.04509283819628648,-0.0012201591511936001,-0.0017241379310344,-0.0013181687058939
54,none,30.0,0.028571428571428595,0.02200000000000002,0.0088571428571428,0.0014857142857142
54,none,45.0,0.028571428571428595,0.0074285714285714025,0.0017142857142857003,-0.0008897959183673
54,none,60.0,0.028571428571428595,0.0031428571428571,0.0037142857142857004,0.0026612244897958
54,none,90.0,0.028571428571428595,-0.0020000000000000005,0.0005714285714286,0.0007183673469387999
54,post_processing,30.0,0.0,0.02200000000000002,0.0048571428571427995,0.0017142857142857
54,post_processing,45.0,0.0,0.0074285714285714025,-0.0002857142857142997,-0.0013469387755102001
54,post_processing,60.0,0.0,0.0031428571428571,0.0025714285714286004,0.0021224489795918003
54,post_processing,90.0,0.0,-0.0020000000000000005,0.0005714285714286,0.0008571428571428999
54,reweighing,30.0,0.0,0.02200000000000002,0.0048571428571427995,0.0017142857142857
54,reweighing,45.0,0.0,0.0074285714285714025,-0.0002857142857142997,-0.0013469387755102001
54,reweighing,60.0,0.0,0.0031428571428571,0.0025714285714286004,0.0021224489795918003
54,reweighing,90.0,0.0,-0.0020000000000000005,0.0005714285714286,0.0008571428571428999
55,none,30.0,0.08124999999999999,0.006312499999999999,0.009874999999999998,-0.0037746093750001
55,none,45.0,0.08124999999999999,0.0017500000000000016,0.0014999999999999996,-0.0035953124999999002
55,none,60.0,0.08124999999999999,0.0022499999999999985,-0.001,-0.0036046874999998996
55,none,90.0,0.08124999999999999,0.0005625000000000001,-0.001875,-0.002323046875
55,post_processing,30.0,-0.2125,0.006312499999999999,-0.022875000000000003,0.0072398437499998
55,post_processing,45.0,-0.2125,0.0017500000000000016,-0.009812499999999998,0.001965625
55,post_processing,60.0,-0.2125,0.0022499999999999985,-0.0055,-0.0006781249999999
55,post_processing,90.0,-0.2125,0.0005625000000000001,-0.001875,-0.0012007812499999
55,reweighing,30.0,-0.04999999999999999,0.006312499999999999,-0.005500000000000001,0.0004718749999998999
55,reweighing,45.0,-0.04999999999999999,0.0017500000000000016,-0.004375,-0.0019125000000000001
55,reweighing,60.0,-0.04999999999999999,0.0022499999999999985,-0.0026249999999999997,-0.0018874999999998999
55,reweighing,90.0,-0.04999999999999999,0.0005625000000000001,-0.001875,-0.001815625
56,none,30.0,0.2222222222222222,-0.011388888888888893,0.03,-0.00021604938271609997
56,none,45.0,0.2222222222222222,-0.018333333333333396,0.0036111111111112003,-0.0036111111111110997
56,none,60.0,0.2222222222222222,-0.0180555555555555,0.0005555555555556003,0.0007098765432098001
56,none,90.0,0.2222222222222222,-0.0030555555555555995,-0.0002777777777777,-0.00030864197530860006
56,post_processing,30.0,0.2777777777777778,-0.011388888888888893,0.0352777777777778,-0.0034413580246913
56,post_processing,45.0,0.2777777777777778,-0.018333333333333396,0.0055555555555556,-0.0049999999999999
56,post_processing,60.0,0.2777777777777778,-0.0180555555555555,0.0019444444444445001,0.0006327160493826604
56,post_processing,90.0,0.2777777777777778,-0.0030555555555555995,-0.0002777777777777,-0.0005709876543209321
56,reweighing,30.0,0.13888888888888892,-0.011388888888888893,0.015833333333333397,-0.0016280864197531
56,reweighing,45.0,0.13888888888888892,-0.018333333333333396,-0.0016666666666665993,-0.0038888888888888
56,reweighing,60.0,0.13888888888888892,-0.0180555555555555,-0.0019444444444443997,0.00040895061728390004
56,reweighing,90.0,0.13888888888888892,-0.0030555555555555995,-0.0008333333333333,-0.00047067901234562354
57,none,30.0,0.4040404040404041,0.018989898989899,0.07333333333333329,0.0053606774818895
57,none,45.0,0.4040404040404041,0.011717171717171702,0.0313131313131313,0.0021528415467808
57,none,60.0,0.4040404040404041,0.004545454545454498,0.0117171717171717,0.0002540557086012
57,none,90.0,0.4040404040404041,0.0026262626262626002,0.0008080808080808001,-0.0013855729007243912
57,post_processing,30.0,0.10101010101010101,0.018989898989899,0.041515151515151505,0.0229394959697989
57,post_processing,45.0,0.10101010101010101,0.011717171717171702,0.0190909090909091,0.010824405672890499
57,post_processing,60.0,0.10101010101010101,0.004545454545454498,0.007070707070707,0.0038261401897764
57,post_processing,90.0,0.10101010101010101,0.0026262626262626002,0.0011111111111111,0.00034384246505450003
57,reweighing,30.0,0.29292929292929293,0.018989898989899,0.058888888888888796,0.0088174676053463
57,reweighing,45.0,0.29292929292929293,0.011717171717171702,0.0246464646464647,0.003017039077645
57,reweighing,60.0,0.29292929292929293,0.004545454545454498,0.0083838383838384,-0.00011631466176920005
57,reweighing,90.0,0.29292929292929293,0.0026262626262626002,0.0008080808080808001,-0.0008917457402304912
58,none,30.0,-0.09210526315789469,-0.03776315789473679,-0.0239473684210526,-0.0011270775623268
58,none,45.0,-0.09210526315789469,0.0017105263157894957,-0.006184210526315698,-0.0019338642659278002
58,none,60.0,-0.09210526315789469,0.0009210526315789995,-0.0003947368421051995,0.0013625346260387999
58,none,90.0,-0.09210526315789469,-0.0031578947368421,-0.0005263157894736,0.0005540166204986
58,post_processing,30.0,-0.3421052631578947,-0.03776315789473679,-0.0489473684210526,0.0007479224376731
58,post_processing,45.0,-0.3421052631578947,0.0017105263157894957,-0.0186842105263157,-0.0013088642659279
58,post_processing,60.0,-0.3421052631578947,0.0009210526315789995,-0.0078947368421052,-0.0005124653739612
58,post_processing,90.0,-0.3421052631578947,-0.0031578947368421,-0.0005263157894736,0.0005540166204986
58,reweighing,30.0,-0.3684210526315789,-0.03776315789473679,-0.0518421052631579,0.0016759002770083
58,reweighing,45.0,-0.3684210526315789,0.0017105263157894957,-0.0194736842105263,-0.0007617728531855
58,reweighing,60.0,-0.3684210526315789,0.0009210526315789995,-0.0081578947368421,-0.0002077562326869
58,reweighing,90.0,-0.3684210526315789,-0.0031578947368421,-0.0005263157894736,0.0006371191135734
59,none,30.0,0.10270270270270271,0.03324324324324332,0.022108108108108204,-0.0052344777209642
59,none,45.0,0.10270270270270271,0.004324324324324405,0.0005945945945945996,-0.0058261504747991
59,none,60.0,0.10270270270270271,0.00027027027027029873,-0.0035675675675674997,-0.0057019722425127005
59,none,90.0,0.10270270270270271,-0.0008648648648648003,-0.0018918918918918,-0.0020455807158509002
59,post_processing,30.0,0.15675675675675682,0.03324324324324332,0.0315675675675676,-0.0031672753834917
59,post_processing,45.0,0.15675675675675682,0.004324324324324405,0.004648648648648701,-0.0042410518626734
59,post_processing,60.0,0.15675675675675682,0.00027027027027029873,-0.0024864864864864,-0.0056873630387143
59,post_processing,90.0,0.15675675675675682,-0.0008648648648648003,-0.0013513513513513,-0.0017680058436815
59,reweighing,30.0,-0.0972972972972973,0.03324324324324332,-0.0195135135135135,-0.0128560993425858
59,reweighing,45.0,-0.0972972972972973,0.004324324324324405,-0.0087567567567567,-0.0051775018261504
59,reweighing,60.0,-0.0972972972972973,0.00027027027027029873,-0.0061081081081081,-0.0042425127830533
59,reweighing,90.0,-0.0972972972972973,-0.0008648648648648003,-0.0021621621621621,-0.0015158509861212
60,none,30.0,0.04375000000000001,0.006312499999999999,0.011500000000000003,0.004344921874999999
60,none,45.0,0.04375000000000001,0.0018125000000000016,0.0044375,0.0020105468749999
60,none,60.0,0.04375000000000001,-0.003250000000000003,0.004125,0.0038453124999999998
60,none,90.0,0.04375000000000001,-0.0030625,0.0,0.00043476562500000004
60,post_processing,30.0,-0.11875,0.006312499999999999,-0.0113125,0.004050390625
60,post_processing,45.0,-0.11875,0.0018125000000000016,-0.0033749999999999995,0.0020472656249999003
60,post_processing,60.0,-0.11875,-0.003250000000000003,0.0008749999999999999,0.0037234375
60,post_processing,90.0,-0.11875,-0.0030625,-0.0003125,0.000476171875
60,reweighing,30.0,0.04375000000000001,0.006312499999999999,0.011500000000000003,0.004344921874999999
60,reweighing,45.0,0.04375000000000001,0.0018125000000000016,0.0044375,0.0020105468749999
60,reweighing,60.0,0.04375000000000001,-0.003250000000000003,0.004125,0.0038453124999999998
60,reweighing,90.0,0.04375000000000001,-0.0030625,0.0,0.00043476562500000004
61,none,30.0,0.1691176470588236,0.0050000000000000044,0.031764705882353,0.0053676470588235
61,none,45.0,0.1691176470588236,-0.004779411764705803,0.012573529411764801,0.0044674524221452
61,none,60.0,0.1691176470588236,-0.004926470588235199,0.0062499999999999995,0.0036705233564012
61,none,90.0,0.1691176470588236,-0.0030882352941175996,-0.00022058823529410004,-7.569204152199996e-06
61,post_processing,30.0,-0.1985294117647059,0.0050000000000000044,-0.0363235294117647,-0.0081617647058822
61,post_processing,45.0,-0.1985294117647059,-0.004779411764705803,-0.0153676470588235,-0.0031504108996539
61,post_processing,60.0,-0.1985294117647059,-0.004926470588235199,-0.007279411764705799,-0.0014668036332179933
61,post_processing,90.0,-0.1985294117647059,-0.0030882352941175996,-0.0014705882352941,2.48702422145e-05
61,reweighing,30.0,0.1691176470588236,0.0050000000000000044,0.030588235294117697,0.0041911764705882
61,reweighing,45.0,0.1691176470588236,-0.004779411764705803,0.012573529411764801,0.0044674524221452
61,reweighing,60.0,0.1691176470588236,-0.004926470588235199,0.0065441176470589,0.0039646410034601
61,reweighing,90.0,0.1691176470588236,-0.0030882352941175996,-0.00022058823529410004,-7.569204152199996e-06
62,none,30.0,0.03783783783783792,0.005837837837837895,0.0097297297297298,0.0031830533235937
62,none,45.0,0.03783783783783792,0.006594594594594598,0.0032432432432433003,0.00020628195763339999
62,none,60.0,0.03783783783783792,-0.0007027027027027011,0.00021621621621630005,-0.0005022644265887
62,none,90.0,0.03783783783783792,0.0035675675675676,-0.0005405405405405,-0.0013460920379839
62,post_processing,30.0,-0.01621621621621619,0.005837837837837895,0.0016216216216216987,0.0027593864134403
62,post_processing,45.0,-0.01621621621621619,0.006594594594594598,-0.0005405405405405003,-0.0011231555880203
62,post_processing,60.0,-0.01621621621621619,-0.0007027027027027011,-0.0011351351351351,-0.000626442658875
62,post_processing,90.0,-0.01621621621621619,0.0035675675675676,-0.0008108108108108,-0.0014848794740685998
62,reweighing,30.0,0.03783783783783792,0.005837837837837895,0.0097297297297298,0.0031830533235937
62,reweighing,45.0,0.03783783783783792,0.006594594594594598,0.0032432432432433003,0.00020628195763339999
62,reweighing,60.0,0.03783783783783792,-0.0007027027027027011,0.00021621621621630005,-0.0005022644265887
62,reweighing,90.0,0.03783783783783792,0.0035675675675676,-0.0005405405405405,-0.0013460920379839
63,none,30.0,0.0,-0.021944444444444378,-0.0077777777777776995,-0.0041203703703702
63,none,45.0,0.0,-0.012499999999999997,-0.0066666666666667,-0.0045833333333332
63,none,60.0,0.0,0.005277777777777801,-0.0013888888888888996,-0.0022685185185184
63,none,90.0,0.0,-0.0005555555555554997,0.0008333333333333,0.000925925925926
63,post_processing,30.0,-0.2500000000000001,-0.021944444444444378,-0.0508333333333333,-0.0079398148148147
63,post_processing,45.0,-0.2500000000000001,-0.012499999999999997,-0.0233333333333333,-0.0064583333333332
63,post_processing,60.0,-0.2500000000000001,0.005277777777777801,-0.009722222222222202,-0.0040046296296295
63,post_processing,90.0,-0.2500000000000001,-0.0005555555555554997,0.00027777777777779995,0.0013425925925925001
63,reweighing,30.0,0.0,-0.021944444444444378,-0.0077777777777776995,-0.0041203703703702
63,reweighing,45.0,0.0,-0.012499999999999997,-0.0066666666666667,-0.0045833333333332
63,reweighing,60.0,0.0,0.005277777777777801,-0.0013888888888888996,-0.0022685185185184
63,reweighing,90.0,0.0,-0.0005555555555554997,0.0008333333333333,0.000925925925926
64,none,30.0,0.12121212121212122,0.008686868686868604,0.021919191919191897,0.0021640648913376
64,none,45.0,0.12121212121212122,-0.0005050505050505014,0.006161616161616099,-6.121824303649982e-05
64,none,60.0,0.12121212121212122,-0.009494949494949499,-0.0026262626262626,-0.0023630241812060003
64,none,90.0,0.12121212121212122,-0.0024242424242424,-0.0006060606060606,-9.182736455463728e-05
64,post_processing,30.0,0.26262626262626265,0.008686868686868604,0.0365656565656566,-0.0038240995816752
64,post_processing,45.0,0.26262626262626265,-0.0005050505050505014,0.009898989898989902,-0.0037241097847157
64,post_processing,60.0,0.26262626262626265,-0.009494949494949499,-0.0012121212121212,-0.0032792572186511
64,post_processing,90.0,0.26262626262626265,-0.0024242424242424,-0.0006060606060606,-0.0001652892561983
64,reweighing,30.0,0.01010101010101011,0.008686868686868604,-0.0010101010101009993,-0.0043454749515354
64,reweighing,45.0,0.01010101010101011,-0.0005050505050505014,-0.0032323232323233,-0.0036526885011732998
64,reweighing,60.0,0.01010101010101011,-0.009494949494949499,-0.0037373737373737,-0.0018691970207122
64,reweighing,90.0,0.01010101010101011,-0.0024242424242424,-0.0006060606060606,-9.182736455463728e-05
65,none,30.0,0.18378378378378382,0.0028108108108108043,0.037675675675675695,0.009132797662527298
65,none,45.0,0.18378378378378382,-0.010054054054054004,0.0155675675675676,0.009654930606282
65,none,60.0,0.18378378378378382,-0.0035135135135134984,0.0011351351351351997,-0.0017808619430242
65,none,90.0,0.18378378378378382,-0.0048648648648648,-0.001081081081081,-2.9218407596786093e-05
65,post_processing,30.0,0.23783783783783793,0.0028108108108108043,0.0455135135135136,0.008906355003652298
65,post_processing,45.0,0.23783783783783793,-0.010054054054054004,0.0190810810810811,0.0102466033601169
65,post_processing,60.0,0.23783783783783793,-0.0035135135135134984,0.0024864864864865,-0.001700511322133
65,post_processing,90.0,0.23783783783783793,-0.0048648648648648,-0.0008108108108108,-2.1913805697589407e-05
65,reweighing,30.0,0.21081081081081082,0.0028108108108108043,0.041459459459459495,0.0088844411979547
65,reweighing,45.0,0.21081081081081082,-0.010054054054054004,0.0171891891891892,0.0098156318480643
65,reweighing,60.0,0.21081081081081082,-0.0035135135135134984,0.0019459459459460005,-0.0016055514974434
65,reweighing,90.0,0.21081081081081082,-0.0048648648648648,-0.0008108108108108,0.0001095690284879
66,none,30.0,0.318918918918919,0.002270270270270297,0.042918918918919,-0.0025516435354273
66,none,45.0,0.318918918918919,-0.0002162162162162029,0.0164864864864865,0.0018337472607742001
66,none,60.0,0.318918918918919,0.0024324324324325013,0.0061081081081082005,-0.0004674945215485
66,none,90.0,0.318918918918919,0.0015675675675675999,0.0037297297297298002,0.002326953981008035
66,post_processing,30.0,0.318918918918919,0.002270270270270297,0.042918918918919,-0.0025516435354273
66,post_processing,45.0,0.318918918918919,-0.0002162162162162029,0.0164864864864865,0.0018337472607742001
66,post_processing,60.0,0.318918918918919,0.0024324324324325013,0.0061081081081082005,-0.0004674945215485
66,post_processing,90.0,0.318918918918919,0.0015675675675675999,0.0037297297297298002,0.002326953981008035
66,reweighing,30.0,0.06486486486486492,0.002270270270270297,0.013729729729729804,0.0042121256391527
66,reweighing,45.0,0.06486486486486492,-0.0002162162162162029,0.0024324324324325004,-0.0005221329437545
66,reweighing,60.0,0.06486486486486492,0.0024324324324325013,-0.0015135135135135001,-0.0031395178962746
66,reweighing,90.0,0.06486486486486492,0.0015675675675675999,-0.0002702702702702,-0.0007415631848064281
67,none,30.0,0.014705882352941207,-0.02470588235294119,-0.0034558823529411004,0.0005190311418685
67,none,45.0,0.014705882352941207,-0.0156617647058823,-0.004411764705882299,-0.0012964965397923
67,none,60.0,0.014705882352941207,-0.0092647058823529,-0.0027941176470588,-0.0007980103806228
67,none,90.0,0.014705882352941207,-0.0021323529411764004,-0.0008823529411764,-0.00043576989619379997
67,post_processing,30.0,-0.1323529411764705,-0.02470588235294119,-0.026691176470588197,-0.0007006920415224
67,post_processing,45.0,-0.1323529411764705,-0.0156617647058823,-0.0129411764705882,-0.0018241782006919998
67,post_processing,60.0,-0.1323529411764705,-0.0092647058823529,-0.005735294117647,-0.0005384948096885835
67,post_processing,90.0,-0.1323529411764705,-0.0021323529411764004,-0.0014705882352941,-0.0001589532871973
67,reweighing,30.0,-0.044117647058823484,-0.02470588235294119,-0.010808823529411697,0.0019723183391003
67,reweighing,45.0,-0.044117647058823484,-0.0156617647058823,-0.007058823529411699,-0.0007428633217993
67,reweighing,60.0,-0.044117647058823484,-0.0092647058823529,-0.0042647058823529,-0.0009883217993079
67,reweighing,90.0,-0.044117647058823484,-0.0021323529411764004,-0.0011764705882352,-0.0003838667820069999
68,none,30.0,0.2941176470588236,-0.003235294117647003,0.04470588235294119,0.0027249134948096002
68,none,45.0,0.2941176470588236,-0.008897058823529397,0.0140441176470589,0.0015376297577854
68,none,60.0,0.2941176470588236,-0.0023529411764704987,0.0068382352941177,-3.0276816609000126e-05
68,none,90.0,0.2941176470588236,-0.0019117647058823,0.0009558823529412,0.000614186851211
68,post_processing,30.0,-0.007352941176470507,-0.003235294117647003,-0.005735294117647005,-0.0034320934256053997
68,post_processing,45.0,-0.007352941176470507,-0.008897058823529397,-0.0045588235294116985,-0.0007985510380621867
68,post_processing,60.0,-0.007352941176470507,-0.0023529411764704987,-0.0007352941176470007,0.00034818339100339997
68,post_processing,90.0,-0.007352941176470507,-0.0019117647058823,7.352941176480012e-05,0.0008228806228373
68,reweighing,30.0,0.3235294117647059,-0.003235294117647003,0.0476470588235295,0.0013062283737025001
68,reweighing,45.0,0.3235294117647059,-0.008897058823529397,0.0149264705882353,0.0007244809688581
68,reweighing,60.0,0.3235294117647059,-0.0023529411764704987,0.0074264705882353,-0.0002465397923876
68,reweighing,90.0,0.3235294117647059,-0.0019117647058823,0.0009558823529412,0.0004844290657439
69,none,30.0,0.12972972972972974,-0.008000000000000007,0.013081081081081095,-0.0031783783783783
69,none,45.0,0.12972972972972974,0.007297297297297299,0.008216216216216298,-0.0015398100803507
69,none,60.0,0.12972972972972974,0.011027027027027101,0.0063243243243244,-0.0010667640613587002
69,none,90.0,0.12972972972972974,-0.0017837837837837,-0.001081081081081,-0.000858436815193572
69,post_processing,30.0,0.15675675675675682,-0.008000000000000007,0.016324324324324395,-0.0039891891891891
69,post_processing,45.0,0.15675675675675682,0.007297297297297299,0.009837837837837898,-0.0013425858290724
69,post_processing,60.0,0.15675675675675682,0.011027027027027101,0.006594594594594601,-0.0014173849525201002
69,post_processing,90.0,0.15675675675675682,-0.0017837837837837,-0.0008108108108108,-0.0006904309715121001
69,reweighing,30.0,0.12972972972972974,-0.008000000000000007,0.010918918918918996,-0.0053405405405404
69,reweighing,45.0,0.12972972972972974,0.007297297297297299,0.007675675675675699,-0.0020803506208911596
69,reweighing,60.0,0.12972972972972974,0.011027027027027101,0.0060540540540541,-0.001337034331629
69,reweighing,90.0,0.12972972972972974,-0.0017837837837837,-0.0008108108108108,-0.0005881665449234
70,none,30.0,0.2142857142857143,-0.017500000000000016,0.033214285714285696,0.0050765306122448
70,none,45.0,0.2142857142857143,-0.010357142857142898,0.0110714285714286,0.0027806122448979
70,none,60.0,0.2142857142857143,0.000714285714285702,0.005,0.0011224489795918
70,none,90.0,0.2142857142857143,-0.0014285714285714002,-0.0003571428571428,-0.0007142857142856
70,post_processing,30.0,0.0714285714285714,-0.017500000000000016,0.013571428571428599,0.0062755102040815
70,post_processing,45.0,0.0714285714285714,-0.010357142857142898,0.004285714285714301,0.0027551020408162
70,post_processing,60.0,0.0714285714285714,0.000714285714285702,0.0010714285714285999,-0.0003061224489794999
70,post_processing,90.0,0.0714285714285714,-0.0014285714285714002,-0.0014285714285714,-0.001377551020408
70,reweighing,30.0,0.2142857142857143,-0.017500000000000016,0.033214285714285696,0.0050765306122448
70,reweighing,45.0,0.2142857142857143,-0.010357142857142898,0.0110714285714286,0.0027806122448979
70,reweighing,60.0,0.2142857142857143,0.000714285714285702,0.005,0.0011224489795918
70,reweighing,90.0,0.2142857142857143,-0.0014285714285714002,-0.0003571428571428,-0.0007142857142856
71,none,30.0,0.044117647058823595,-0.008382352941176424,-0.004338235294117601,-0.0088992214532872
71,none,45.0,0.044117647058823595,0.009044117647058904,0.0011764705882352997,-0.0034980536332179
71,none,60.0,0.044117647058823595,0.008308823529411799,-0.00036764705882350035,-0.0034569636678201
71,none,90.0,0.044117647058823595,0.004926470588235301,-0.0005882352941176,-0.0019885380622838003
71,post_processing,30.0,0.014705882352941207,-0.008382352941176424,-0.007573529411764698,-0.007696799307958401
71,post_processing,45.0,0.014705882352941207,0.009044117647058904,-0.0002941176470588006,-0.0033596453287197
71,post_processing,60.0,0.014705882352941207,0.008308823529411799,-0.0006617647058823001,-0.0030763408304499
71,post_processing,90.0,0.014705882352941207,0.004926470588235301,-0.0008823529411764,-0.0021701989619377165
71,reweighing,30.0,0.044117647058823595,-0.008382352941176424,-0.0025735294117647,-0.0071345155709342
71,reweighing,45.0,0.044117647058823595,0.009044117647058904,0.0020588235294117987,-0.0026157006920415
71,reweighing,60.0,0.044117647058823595,0.008308823529411799,-0.00036764705882350035,-0.0034569636678201
71,reweighing,90.0,0.044117647058823595,0.004926470588235301,-0.0008823529411764,-0.002282655709342561
