model_variant,threshold_min,group,metric,mean,ci_low,ci_high,n_seeds
none,30.0,0,fnr,0.27805148555148557,0.22836805555555556,0.3272462606837607,30
none,30.0,0,C,0.1446630341880342,0.1399881102462352,0.1494288855820106,30
none,30.0,0,J,0.04118146113146113,0.033327953042328044,0.04950129629629628,30
none,30.0,0,J_ind,0.04074965094000195,0.032919613887217876,0.048933065824022966,30
none,30.0,0,E,0.0004318101914591499,-0.0010167490236835347,0.0019406617840904805,30
none,30.0,1,fnr,0.21265276450140866,0.18763776042496877,0.23808934187403477,30
none,30.0,1,C,0.1457810600783297,0.14365362556137168,0.14785863673315483,30
none,30.0,1,J,0.03062920451180429,0.026766156856662005,0.03421952689339047,30
none,30.0,1,J_ind,0.030920270686555052,0.027319245718894762,0.034840123869834476,30
none,30.0,1,E,-0.0002910661747507395,-0.0008570885164171009,0.00028179621516266184,30
none,30.0,ALL,fnr,0.22539682539682535,0.20555555555555544,0.246031746031746,30
none,30.0,ALL,C,0.14561111111111108,0.14388075396825395,0.14730178571428565,30
none,30.0,ALL,J,0.03273015873015868,0.02935674603174598,0.03607976190476185,30
none,30.0,ALL,J_ind,0.03279591836734689,0.029744912131519214,0.035697817460317416,30
none,30.0,ALL,E,-6.57596371882e-05,-0.0006818405139833471,0.0005016298185940911,30
none,45.0,0,fnr,0.27805148555148557,0.2275226139601139,0.3310615079365079,30
none,45.0,0,C,0.05260657305657304,0.04994522054334553,0.05535959656084654,30
none,45.0,0,J,0.01513071835571834,0.011964918091168087,0.01901479828042325,30
none,45.0,0,J_ind,0.01490011520465807,0.011898360898595944,0.01804515619226084,30
none,45.0,0,E,0.00023060315106026,-0.0009303309773572336,0.0015100075383904703,30
none,45.0,1,fnr,0.21265276450140866,0.18939387172852556,0.24011142439744174,30
none,45.0,1,C,0.052079404799231024,0.050586412889448755,0.05353853559246235,30
none,45.0,1,J,0.010926747705650329,0.009552962424879121,0.012127178928561798,30
none,45.0,1,J_ind,0.010976786285924365,0.009713140594571278,0.012110386959844741,30
none,45.0,1,E,-5.003858027403258e-05,-0.0005937073341705469,0.0005485146608840522,30
none,45.0,ALL,fnr,0.22539682539682535,0.20238095238095238,0.24603174603174596,30
none,45.0,ALL,C,0.05221428571428568,0.05075376984126979,0.05352400793650788,30
none,45.0,ALL,J,0.011793650793650742,0.010618253968253912,0.012999999999999937,30
none,45.0,ALL,J_ind,0.011753023431594808,0.010590844671201765,0.012761876417233513,30
none,45.0,ALL,E,4.062736205593163e-05,-0.0005134731670445839,0.0005681264172335401,30
none,60.0,0,fnr,0.27805148555148557,0.2301046245421245,0.3320965608465608,30
none,60.0,0,C,0.022301689051689038,0.020147726648351627,0.02436260505698004,30
none,60.0,0,J,0.006027380952380941,0.00442142857142856,0.007844639550264536,30
none,60.0,0,J_ind,0.0063135779854895996,0.004877590099202613,0.007633073628894073,30
none,60.0,0,E,-0.00028619703310866666,-0.0010693674724957937,0.0004893365013302017,30
none,60.0,1,fnr,0.21265276450140866,0.18601692559306718,0.24059282218676395,30
none,60.0,1,C,0.02225681292880566,0.021139997306036506,0.0233845725256263,30
none,60.0,1,J,0.00457829006462303,0.003938474564634828,0.005195988312728878,30
none,60.0,1,J_ind,0.0047279375919067005,0.004141639339393811,0.005235071779954146,30
none,60.0,1,E,-0.0001496475272836733,-0.0004754275828290935,0.00016272797147313752,30
none,60.0,ALL,fnr,0.22539682539682535,0.20317460317460315,0.24682539682539678,30
none,60.0,ALL,C,0.02226984126984122,0.021317261904761842,0.023349206349206293,30
none,60.0,ALL,J,0.004880952380952333,0.004253571428571389,0.005436706349206304,30
none,60.0,ALL,J_ind,0.00504251700680267,0.004473313492063444,0.00558424036281174,30
none,60.0,ALL,E,-0.00016156462585034063,-0.00048227513227511317,0.00012612433862432528,30
none,90.0,0,fnr,0.27805148555148557,0.2246976495726496,0.3304768518518518,30
none,90.0,0,C,0.003090964590964577,0.0022710869454619204,0.00392790242165241,30
none,90.0,0,J,0.0005679894179894135,0.00024537037037036655,0.0009402546296296229,30
none,90.0,0,J_ind,0.0008394489231882234,0.0005717439194685672,0.001133472636894245,30
none,90.0,0,E,-0.0002714595051988134,-0.0005713788952181306,6.0719308973319476e-05,30
none,90.0,1,fnr,0.21265276450140866,0.18782446398588004,0.23640672406915597,30
none,90.0,1,C,0.0036996012637819926,0.003264531171133309,0.004166132013644075,30
none,90.0,1,J,0.0008031793224016866,0.0006240712006573693,0.0009874181500401358,30
none,90.0,1,J_ind,0.0007915201927075931,0.0006558079165927619,0.0009322153359745873,30
none,90.0,1,E,1.1659129694087436e-05,-0.00012934886550900558,0.00015820217643651985,30
none,90.0,ALL,fnr,0.22539682539682535,0.20238095238095236,0.24605158730158724,30
none,90.0,ALL,C,0.0035793650793650234,0.00317460317460312,0.004079365079365024,30
none,90.0,ALL,J,0.00075396825396821,0.0006111111111110664,0.0009047619047618601,30
none,90.0,ALL,J_ind,0.0008106575963718367,0.0006857520786091701,0.0009478741496598283,30
none,90.0,ALL,E,-5.66893424036246e-05,-0.0001827664399092877,6.860827664397603e-05,30
post_processing,30.0,0,fnr,0.2020594220594221,0.15178273809523807,0.2483425925925926,30
post_processing,30.0,0,C,0.1446630341880342,0.13981726037851033,0.14936305072242576,30
post_processing,30.0,0,J,0.030279873829873818,0.02307218584656084,0.038052816442816426,30
post_processing,30.0,0,J_ind,0.029780023619938128,0.02265167114143485,0.03730490254157216,30
post_processing,30.0,0,E,0.0004998502099356866,-0.0012765004639319804,0.0025725492422039634,30
post_processing,30.0,1,fnr,0.273668226912662,0.23465391059478344,0.3150689770036062,30
post_processing,30.0,1,C,0.1457810600783297,0.14374202762208366,0.14770098720817715,30
post_processing,30.0,1,J,0.0400026692658091,0.03365042207933461,0.0460485285390148,30
post_processing,30.0,1,J_ind,0.03982933044621729,0.0339681975151826,0.045752180381013,30
post_processing,30.0,1,E,0.0001733388195918125,-0.0005450239676055799,0.0009366495600285776,30
post_processing,30.0,ALL,fnr,0.25714285714285706,0.22777777777777772,0.286547619047619,30
post_processing,30.0,ALL,C,0.14561111111111108,0.14399980158730158,0.14723829365079363,30
post_processing,30.0,ALL,J,0.03775396825396821,0.03330138888888884,0.04249305555555551,30
post_processing,30.0,ALL,J_ind,0.037377928949357465,0.03314443499622067,0.04181703514739225,30
post_processing,30.0,ALL,E,0.0003760393046107268,-0.00025620275888132,0.001076573129251686,30
post_processing,45.0,0,fnr,0.2020594220594221,0.15299926231176228,0.2509172262922263,30
post_processing,45.0,0,C,0.05260657305657304,0.04966359254171753,0.055252265211640186,30
post_processing,45.0,0,J,0.010367226292226282,0.007629916310541299,0.01344262235449734,30
post_processing,45.0,0,J_ind,0.010464026611813523,0.007902617293586718,0.013219604647984074,30
post_processing,45.0,0,E,-9.680031958724658e-05,-0.001111967127394918,0.0010554495897896112,30
post_processing,45.0,1,fnr,0.273668226912662,0.23329582958941503,0.31773863779416517,30
post_processing,45.0,1,C,0.052079404799231024,0.05053920326545412,0.0535728790761244,30
post_processing,45.0,1,J,0.014204695481341515,0.011936653936742278,0.016560139485240984,30
post_processing,45.0,1,J_ind,0.014174121267813958,0.012126319242573232,0.016378983588486842,30
post_processing,45.0,1,E,3.0574213527543624e-05,-0.0004927168114409203,0.0005697410102437498,30
post_processing,45.0,ALL,fnr,0.25714285714285706,0.22857142857142856,0.28809523809523807,30
post_processing,45.0,ALL,C,0.05221428571428568,0.05078571428571425,0.05353214285714283,30
post_processing,45.0,ALL,J,0.01337301587301583,0.011714285714285674,0.015015873015872967,30
post_processing,45.0,ALL,J_ind,0.013389644746787555,0.011740750188964423,0.014986470143612951,30
post_processing,45.0,ALL,E,-1.6628873771723247e-05,-0.0004617961073318039,0.00042914304610733463,30
post_processing,60.0,0,fnr,0.2020594220594221,0.15143938237688234,0.25256891025641026,30
post_processing,60.0,0,C,0.022301689051689038,0.02005272741147739,0.02442723214285711,30
post_processing,60.0,0,J,0.003975132275132261,0.002877506613756595,0.005113842592592579,30
post_processing,60.0,0,J_ind,0.004362881966341198,0.003224730638603306,0.00559594831203537,30
post_processing,60.0,0,E,-0.0003877496912089399,-0.0009949265352152182,0.00024358322734363585,30
post_processing,60.0,1,fnr,0.273668226912662,0.2337737808681713,0.314505441682426,30
post_processing,60.0,1,C,0.02225681292880566,0.02118422968848731,0.02338360649452171,30
post_processing,60.0,1,J,0.006134591761758904,0.0050927265748569525,0.007222631031767022,30
post_processing,60.0,1,J_ind,0.006095632420335694,0.0051240794957126655,0.007062496511451051,30
post_processing,60.0,1,E,3.8959341423200866e-05,-0.0003337735800052824,0.0004060456039821235,30
post_processing,60.0,ALL,fnr,0.25714285714285706,0.22380952380952376,0.28492063492063485,30
post_processing,60.0,ALL,C,0.02226984126984122,0.021253769841269785,0.023365277777777728,30
post_processing,60.0,ALL,J,0.005690476190476136,0.004824999999999952,0.006484126984126929,30
post_processing,60.0,ALL,J_ind,0.005744897959183612,0.00501756897203321,0.0064383692365834536,30
post_processing,60.0,ALL,E,-5.4421768707482555e-05,-0.0003874196900982416,0.0002834986772486732,30
post_processing,90.0,0,fnr,0.2020594220594221,0.15381140618640615,0.2510436507936508,30
post_processing,90.0,0,C,0.003090964590964577,0.0023027579365079206,0.004031630291005275,30
post_processing,90.0,0,J,0.0004226190476190433,0.00015266203703703595,0.0007412863756613725,30
post_processing,90.0,0,J_ind,0.0005661575819603734,0.00037317347597230023,0.0008023431048993691,30
post_processing,90.0,0,E,-0.00014353853434134005,-0.0004330679113288193,0.00017827466814123594,30
post_processing,90.0,1,fnr,0.273668226912662,0.23269692959514934,0.31583937859545874,30
post_processing,90.0,1,C,0.0036996012637819926,0.0032728959104742143,0.004178183912688862,30
post_processing,90.0,1,J,0.0009770309098562167,0.0008007808967175891,0.0011542196385544235,30
post_processing,90.0,1,J_ind,0.0010125186433294132,0.0008186533242686919,0.0012084181132622001,30
post_processing,90.0,1,E,-3.548773347319729e-05,-0.0001845642491512564,0.00010738201391164576,30
post_processing,90.0,ALL,fnr,0.25714285714285706,0.22458333333333327,0.2865079365079365,30
post_processing,90.0,ALL,C,0.0035793650793650234,0.00319047619047613,0.0040557539682539185,30
post_processing,90.0,ALL,J,0.0008571428571428064,0.000706349206349163,0.0009920634920634332,30
post_processing,90.0,ALL,J_ind,0.0009212018140589066,0.0007675689720332098,0.001076554232804188,30
post_processing,90.0,ALL,E,-6.405895691609846e-05,-0.0001874574829931713,4.762849584277182e-05,30
reweighing,30.0,0,fnr,0.22511294261294262,0.173216625966626,0.28059806166056167,30
reweighing,30.0,0,C,0.1446630341880342,0.13988773987586486,0.14928314000814,30
reweighing,30.0,0,J,0.03390653235653234,0.025137633547008542,0.04277802248677247,30
reweighing,30.0,0,J_ind,0.03324901817115185,0.025313318021961847,0.04141424779448266,30
reweighing,30.0,0,E,0.0006575141853804833,-0.000873364108297632,0.0022166739938852885,30
reweighing,30.0,1,fnr,0.2283807675020176,0.20428729272057738,0.2552534230806039,30
reweighing,30.0,1,C,0.1457810600783297,0.14380097639139744,0.14786632988312692,30
reweighing,30.0,1,J,0.03313819089057955,0.0296713664024572,0.03666778885041793,30
reweighing,30.0,1,J_ind,0.03321299389325363,0.029569468785785143,0.036822954937391794,30
reweighing,30.0,1,E,-7.480300267407001e-05,-0.0006812682218253089,0.0004935486007785541,30
reweighing,30.0,ALL,fnr,0.2293650793650793,0.2103174603174603,0.24841269841269836,30
reweighing,30.0,ALL,C,0.14561111111111108,0.1440392857142857,0.1473412698412698,30
reweighing,30.0,ALL,J,0.033539682539682494,0.030793650793650762,0.0363021825396825,30
reweighing,30.0,ALL,J_ind,0.033382842025699126,0.030323341836734647,0.036047160808767915,30
reweighing,30.0,ALL,E,0.00015684051398336593,-0.0004590608465608496,0.0007494378306878149,30
reweighing,45.0,0,fnr,0.22511294261294262,0.1689393315018315,0.2790100986975986,30
reweighing,45.0,0,C,0.05260657305657304,0.04979797084859583,0.055486200396825384,30
reweighing,45.0,0,J,0.012106939356939345,0.00860034544159543,0.015561683201058182,30
reweighing,45.0,0,J_ind,0.011942562289014498,0.008847639774527847,0.01506026527318409,30
reweighing,45.0,0,E,0.00016437706792483343,-0.0007559214813240107,0.0012958603203426157,30
reweighing,45.0,1,fnr,0.2283807675020176,0.20325360971760062,0.25467768607383745,30
reweighing,45.0,1,C,0.052079404799231024,0.05056823257417248,0.053482145389633556,30
reweighing,45.0,1,J,0.01175026804751366,0.01041514858355712,0.013057721815461922,30
reweighing,45.0,1,J_ind,0.011793094414173238,0.010655802307934985,0.012900004532460069,30
reweighing,45.0,1,E,-4.282636665957136e-05,-0.0006005319906033894,0.0005024420364708676,30
reweighing,45.0,ALL,fnr,0.2293650793650793,0.21111111111111108,0.2484126984126984,30
reweighing,45.0,ALL,C,0.05221428571428568,0.05096666666666662,0.05357976190476186,30
reweighing,45.0,ALL,J,0.01193650793650789,0.01091269841269837,0.012976190476190422,30
reweighing,45.0,ALL,J_ind,0.011962396069538877,0.01089822845804984,0.012913893613000712,30
reweighing,45.0,ALL,E,-2.5888133030991754e-05,-0.0005155659486016513,0.00045203136810278977,30
reweighing,60.0,0,fnr,0.22511294261294262,0.17092625661375663,0.2764661172161172,30
reweighing,60.0,0,C,0.022301689051689038,0.02021879807692306,0.02433182463369961,30
reweighing,60.0,0,J,0.0048852767602767504,0.0032329718660968577,0.006728326719576708,30
reweighing,60.0,0,J_ind,0.0050662466341091,0.003694323328954894,0.006679776421109724,30
reweighing,60.0,0,E,-0.00018096987383236005,-0.0008912050073147612,0.0005624127951156716,30
reweighing,60.0,1,fnr,0.2283807675020176,0.2040742355526471,0.25214420877527893,30
reweighing,60.0,1,C,0.02225681292880566,0.02108785228223472,0.02335045203524206,30
reweighing,60.0,1,J,0.00496657016954401,0.004337171211286926,0.005560645999222466,30
reweighing,60.0,1,J_ind,0.005071530944231627,0.004514834169041474,0.005619617615040527,30
reweighing,60.0,1,E,-0.00010496077468763,-0.00043844377029832605,0.0002367838117828417,30
reweighing,60.0,ALL,fnr,0.2293650793650793,0.21111111111111108,0.24682539682539678,30
reweighing,60.0,ALL,C,0.02226984126984122,0.021277579365079312,0.02330972222222218,30
reweighing,60.0,ALL,J,0.005015873015872971,0.004484126984126943,0.005539682539682501,30
reweighing,60.0,ALL,J_ind,0.005120370370370325,0.004626256613756571,0.005592984693877503,30
reweighing,60.0,ALL,E,-0.00010449735449735291,-0.0004059571050642336,0.00019391534391533636,30
reweighing,90.0,0,fnr,0.22511294261294262,0.17132142857142854,0.27956369556369554,30
reweighing,90.0,0,C,0.003090964590964577,0.0023010617623117524,0.004035662647537633,30
reweighing,90.0,0,J,0.00043465608465608,0.00016784060846560718,0.0007258068783068677,30
reweighing,90.0,0,J_ind,0.0006645773488371034,0.0004297858790239604,0.0009235642138027922,30
reweighing,90.0,0,E,-0.00022992126418102334,-0.0004923510612697005,1.8558369647806214e-05,30
reweighing,90.0,1,fnr,0.2283807675020176,0.20462436895099434,0.2528471020378298,30
reweighing,90.0,1,C,0.0036996012637819926,0.003266068733290329,0.0041895123524432615,30
reweighing,90.0,1,J,0.0008522016067180932,0.0006645811370907761,0.0010362902201687188,30
reweighing,90.0,1,J_ind,0.0008506688092453466,0.0007096297238175625,0.0010027910147922777,30
reweighing,90.0,1,E,1.5327974727451464e-06,-0.00014165102065472537,0.00014123765876792875,30
reweighing,90.0,ALL,fnr,0.2293650793650793,0.2095238095238095,0.24920634920634918,30
reweighing,90.0,ALL,C,0.0035793650793650234,0.0031507936507936,0.004055753968253913,30
reweighing,90.0,ALL,J,0.0007777777777777365,0.000610912698412651,0.0009444444444444001,30
reweighing,90.0,ALL,J_ind,0.0008291761148903501,0.00070483749055172,0.0009643093348449919,30
reweighing,90.0,ALL,E,-5.1398337112614006e-05,-0.00017160808767950045,6.954837490551399e-05,30
